fpr,tpr
0.0,0.0
0.005025125628140704,0.08942819148936171
0.010050251256281407,0.1535904255319149
0.01507537688442211,0.2137632978723404
0.020100502512562814,0.2596409574468085
0.02512562814070352,0.30851063829787234
0.03015075376884422,0.3447473404255319
0.035175879396984924,0.37632978723404253
0.04020100502512563,0.40591755319148937
0.04522613065326633,0.4315159574468085
0.05025125628140704,0.45665954439751955
0.05527638190954774,0.48138297872340424
0.06030150753768844,0.49700797872340424
0.06532663316582915,0.5129654255319149
0.07035175879396985,0.5259308510638298
0.07537688442211056,0.5369015957446809
0.08040201005025126,0.5508170632083289
0.08542713567839195,0.5623175719020634
0.09045226130653267,0.5724734042553191
0.09547738693467336,0.581781914893617
0.10050251256281408,0.5914228723404256
0.10552763819095477,0.6017287234042553
0.11055276381909548,0.6126994680851063
0.11557788944723618,0.6226728723404256
0.12060301507537688,0.632313829787234
0.12562814070351758,0.6436170212765957
0.1306532663316583,0.6496010638297872
0.135678391959799,0.65934204767187
0.1407035175879397,0.6692154255319149
0.1457286432160804,0.6751994680851063
0.15075376884422112,0.6825132978723404
0.15577889447236182,0.6884973404255319
0.16080402010050251,0.6961436170212766
0.1658291457286432,0.7027925531914894
0.1708542713567839,0.7087765957446809
0.17587939698492464,0.7147606382978723
0.18090452261306533,0.7220744680851063
0.18592964824120603,0.7267287234042553
0.19095477386934673,0.7330452127659575
0.19597989949748745,0.7396941489361702
0.20100502512562815,0.7443484042553191
0.20603015075376885,0.7496675531914894
0.21105527638190955,0.7563164893617021
0.21608040201005024,0.7613031914893617
0.22110552763819097,0.7659574468085106
0.22613065326633167,0.7726063829787234
0.23115577889447236,0.7785904255319149
0.23618090452261306,0.7829122340425532
0.24120603015075376,0.7878989361702128
0.24623115577889448,0.7928856382978723
0.25125628140703515,0.7958776595744681
0.2562814070351759,0.8025265957446809
0.2613065326633166,0.8075132978723404
0.2663316582914573,0.8121675531914894
0.271356783919598,0.8147653159414094
0.2763819095477387,0.8194813829787234
0.2814070351758794,0.8211436170212766
0.2864321608040201,0.8241356382978723
0.2914572864321608,0.8271276595744681
0.2964824120603015,0.8304521276595744
0.30150753768844224,0.8337765957446809
0.3065326633165829,0.8380984042553191
0.31155778894472363,0.8394281914893617
0.3165829145728643,0.8404255319148937
0.32160804020100503,0.8444148936170213
0.32663316582914576,0.8487367021276596
0.3316582914572864,0.8503989361702128
0.33668341708542715,0.852061170212766
0.3417085427135678,0.8550531914893617
0.34673366834170855,0.8597074468085106
0.35175879396984927,0.863031914893617
0.35678391959798994,0.8653590425531915
0.36180904522613067,0.867686170212766
0.36683417085427134,0.8696808510638298
0.37185929648241206,0.8723404255319149
0.3768844221105528,0.8743351063829787
0.38190954773869346,0.8783244680851063
0.3869346733668342,0.8813164893617021
0.3919597989949749,0.8836436170212766
0.3969849246231156,0.8863031914893617
0.4020100502512563,0.8876329787234043
0.40703517587939697,0.8886303191489362
0.4120603015075377,0.8912898936170213
0.4170854271356784,0.8939494680851063
0.4221105527638191,0.8959441489361702
0.4271356783919598,0.897938829787234
0.4321608040201005,0.8992686170212766
0.4371859296482412,0.9002659574468085
0.44221105527638194,0.901595744680851
0.4472361809045226,0.9035904255319149
0.45226130653266333,0.9059175531914894
0.457286432160804,0.9075797872340425
0.4623115577889447,0.909906914893617
0.46733668341708545,0.9119015957446809
0.4723618090452261,0.9138962765957447
0.47738693467336685,0.9155585106382979
0.4824120603015075,0.9165558510638298
0.48743718592964824,0.918218085106383
0.49246231155778897,0.9208776595744681
0.49748743718592964,0.9228723404255319
0.5025125628140703,0.9242021276595744
0.507537688442211,0.9261968085106383
0.5125628140703518,0.9278590425531915
0.5175879396984925,0.9298537234042553
0.5226130653266332,0.9311835106382979
0.5276381909547738,0.9341755319148937
0.5326633165829145,0.9361702127659575
0.5376884422110553,0.9368351063829787
0.542713567839196,0.9394946808510638
0.5477386934673367,0.9414893617021277
0.5527638190954774,0.942154255319149
0.5577889447236181,0.9431515957446809
0.5628140703517588,0.9441489361702128
0.5678391959798995,0.945811170212766
0.5728643216080402,0.9468085106382979
0.577889447236181,0.948470744680851
0.5829145728643216,0.9491356382978723
0.5879396984924623,0.9501329787234043
0.592964824120603,0.9514627659574468
0.5979899497487438,0.9514627659574468
0.6030150753768845,0.9524601063829787
0.6080402010050251,0.9534574468085106
0.6130653266331658,0.9541223404255319
0.6180904522613065,0.9551196808510638
0.6231155778894473,0.9564494680851063
0.628140703517588,0.9581117021276596
0.6331658291457286,0.9587765957446809
0.6381909547738693,0.9591033625574682
0.6432160804020101,0.9601063829787234
0.6482412060301508,0.960438829787234
0.6532663316582915,0.9607712765957447
0.6582914572864321,0.9611037234042553
0.6633165829145728,0.9621010638297872
0.6683417085427136,0.9634308510638298
0.6733668341708543,0.9637632978723404
0.678391959798995,0.964095744680851
0.6834170854271356,0.9647606382978723
0.6884422110552764,0.965093085106383
0.6934673366834171,0.9670877659574468
0.6984924623115578,0.9680851063829787
0.7035175879396985,0.9690824468085106
0.7085427135678392,0.9697473404255319
0.7135678391959799,0.9697473404255319
0.7185929648241206,0.9700797872340425
0.7236180904522613,0.9710771276595744
0.7286432160804021,0.972406914893617
0.7336683417085427,0.9727393617021277
0.7386934673366834,0.973404255319149
0.7437185929648241,0.9737367021276596
0.7487437185929648,0.9744015957446809
0.7537688442211056,0.9753989361702128
0.7587939698492463,0.976063829787234
0.7638190954773869,0.9767287234042553
0.7688442211055276,0.9783909574468085
0.7738693467336684,0.9787234042553191
0.7788944723618091,0.9790558510638298
0.7839195979899498,0.9793882978723404
0.7889447236180904,0.9793882978723404
0.7939698492462312,0.9800531914893617
0.7989949748743719,0.9803856382978723
0.8040201005025126,0.9810505319148937
0.8090452261306533,0.9817154255319149
0.8140703517587939,0.9823803191489362
0.8190954773869347,0.9833776595744681
0.8241206030150754,0.9837101063829787
0.8291457286432161,0.9837101063829787
0.8341708542713568,0.9850398936170213
0.8391959798994975,0.9851259288463592
0.8442211055276382,0.9853723404255319
0.8492462311557789,0.9857047872340425
0.8542713567839196,0.9867021276595744
0.8592964824120604,0.9867021276595744
0.864321608040201,0.9870345744680851
0.8693467336683417,0.9886968085106383
0.8743718592964824,0.9893617021276596
0.8793969849246231,0.9896941489361702
0.8844221105527639,0.9900265957446809
0.8894472361809045,0.9900265957446809
0.8944723618090452,0.9900265957446809
0.8994974874371859,0.9906914893617021
0.9045226130653267,0.991688829787234
0.9095477386934674,0.9920212765957447
0.914572864321608,0.9920212765957447
0.9195979899497487,0.9923537234042553
0.9246231155778895,0.993862740755449
0.9296482412060302,0.9943484042553191
0.9346733668341709,0.9943484042553191
0.9396984924623115,0.9946808510638298
0.9447236180904522,0.9950132978723404
0.949748743718593,0.9960106382978723
0.9547738693467337,0.996343085106383
0.9597989949748744,0.996343085106383
0.964824120603015,0.9970079787234043
0.9698492462311558,0.9970079787234043
0.9748743718592965,0.9976728723404256
0.9798994974874372,0.9983377659574468
0.9849246231155779,0.998749565647386
0.9899497487437187,0.9993351063829787
0.9949748743718593,1.0
1.0,1.0
